enseigne,email,categorie,quartier,ville
Bijouterie Sandra Nougues,contact@bijouterienougues.fr,bijouterie,Capitole / centre-ville,Toulouse
Bijouterie Pujol,comptabilite@bijouteriepujol.fr,bijouterie / horlogerie,Esquirol / centre-ville,Toulouse
Le Sens de la Marche,toulouse@lesensdelamarche.fr,chaussures,Victor Hugo / centre-ville,Toulouse
Optique du Palais,contact@opticientoulouse.com,optique,Capitole / centre-ville,Toulouse
Max Optic (Maxoptic),maxoptic@gmail.com,optique,Saint-Georges,Toulouse
Optique Cayret,cayret.optique@free.fr,optique,Minimes,Toulouse
L'Interprète Concept Store,contact@linterprete-conceptstore.com,concept store / accessoires / design,Capitole / centre-ville,Toulouse
Slow Concept,contact@slowconcept.fr,concept store / accessoires,Capitole / centre-ville,Toulouse
Chez Zel,contact@chez-zel.com,concept store / accessoires / bijoux,Capitole / centre-ville,Toulouse
Emilie Prose,contact@emilieprose.com,Mode / vêtements sur mesure,,Toulouse
Miailhes Bijouterie,bijoutier31@free.fr,Bijouterie / joaillerie,,Toulouse
Mademoiselle Nuage,contact@mademoisellenuage.fr,Bijouterie,,Toulouse
Maison Marah,contact@maisonmarah.fr,High-tech / accessoires design,,Toulouse
Mano Facto,info@manofacto31.com,Mode / chaussures / accessoires made in France,,Toulouse
Do My Shoes,domyshoes@gmail.com,Chaussures,,Toulouse
Le Repère Homme,contactlereperehomme@gmail.com,Mode homme / chaussures,,Toulouse
Boutique des Arts Martiaux,contact@boutiquedesartsmartiaux.com,Sport / arts martiaux,,Toulouse
TBS Toulouse,frederic.berlie@darty.fr,chaussures / vêtements,Capitole / centre-ville,Toulouse
Les Traits Français,bonjour@lestraitsfrancais.com,Mode / accessoires 100% made in France,,Toulouse
Modi In,contact@modi-in.com,Mode / prêt-à-porter / chaussures,,Toulouse
Bijouterie Pujol,contact@bijouteriepujol.fr,Bijouterie,,Toulouse
BIJOUTERIE DU CAPITOLE,sud-ouest-watch@orange.fr,Bijouterie,,Toulouse
Bijouterie Joaillerie Mohedano,contact@j-mohedano.com,Joaillier,,Toulouse
Le Poinçon D'Or,andre.schroun@wanadoo.fr,Bijouterie,,Toulouse
Joaillerie Zeina Toulouse,serviceclient@zeina.fr,Joaillier,,Toulouse
Dorise Joaillier,gerladine@dorise-joaillier.com,Bijouterie,,Toulouse
LAUJOA,contact@laujoa.com,Joaillier,,Toulouse
Gemmes... & Vous,contact@parenthese-toulou-zen.fr,Bijouterie,,Toulouse
Arthus Bertrand,service-client@arthus-bertrand.fr,Bijouterie,,Toulouse
L'Atelier d'Amaya,contact@latelierdamaya.com,Bijouterie,,Toulouse
Bijoux D Hier Et D Aujourd Hui,contact@bijouxdhieretdaujourdhui.fr,Marchand d'or,,Toulouse
Nicolas Tourrel,nicolas.tourrel@wanadoo.fr,Joaillier,,Toulouse
MUSARDISE,contact@musardise.fr,Bijouterie fantaisie,,Toulouse
Maison Celinni Diamantaire Toulouse,license@prestashop.com,Bijouterie,,Toulouse
Gabriel Joaillier,contact@gabriel-joaillier.com,Bijoutier,,Toulouse
NV Joailliers,nvjoailliers@gmail.com,Bijoutier,,Toulouse
Joaillerie Artisanale Dirty French Girl,info@dirtyfrenchgirl.com,Joaillier,,Toulouse
Marc Deloche,vente@marc-deloche.com,Bijoutier,,Toulouse
Rieunier Joailliers,rieunier.joailliers.horlogers@gmail.com,Joaillier,,Toulouse
Perlin's,contact@perlins.fr,Bijouterie,,Toulouse
Wiroth bijoux contemporains,wiroth@outlook.fr,Bijoutier,,Toulouse
Frayssinet Joaillier Capitole,contact@frayssinet-joaillier.fr,Bijoutier,,Toulouse
Estelle & Gilles Bernadou,contact@estelle-et-gilles-bernadou.com,Bijouterie,,Toulouse
Amatista,amatistatoulouse@gmail.com,Bijouterie,,Toulouse
Pied de Biche,contact@pieddebiche-paris.com,Magasin de chaussures,,Toulouse
Mephisto Toulouse,yourmail@com.com,Magasin de chaussures,,Toulouse
Foot Locker,customercare@footlocker.com,Magasin de chaussures,,Toulouse
The Last Step Toulouse,contact@thelaststep.fr,Shoe store,,Toulouse
Bocage TOULOUSE ALSACE LORRAINE,dthareau@groupeeram.com,Magasin de chaussures,,Toulouse
size?,roy.vervloet@jdplc.com,Shoe store,,Toulouse
Finsbury,vincent.di-nino@finsbury.com,Magasin de chaussures,,Toulouse
Courir,s.nguyen@courir.com,Magasin de chaussures,,Toulouse
Pol Le Duff Chaussures,pol-le-duff.chaussures@wanadoo.fr,Magasin de chaussures,,Toulouse
CHAUSSEA Toulouse Gramont,arnaud.pellegrini@chaussea.fr,Magasin de chaussures,,Toulouse
Upper,auparfaitjardinier@orange.fr,Magasin de chaussures,,Toulouse
Gabor Shop,tech@202-ecommerce.com,Magasin de chaussures,,Toulouse
Eram TOULOUSE ROME,rmontin@eram.fr,Magasin de chaussures,,Toulouse
JB Rodde Toulouse,jetbrodde@free.fr,Magasin de chaussures,,Toulouse
Odaje,rgpd@odaje.com,Magasin de chaussures,,Toulouse
Nat et Nicolas chaussures enfants et mamans,natetnicolas@gmail.com,Magasin de chaussures,,Toulouse
Boutique Paraboot Toulouse,contact@labonneagence.com,Magasin de chaussures,,Toulouse
Galeries Lafayette Toulouse,bfontenas@galerieslafayette.com,Grand magasin,,Toulouse
HANDY CHAUSSURES HOMME,serviceclient@maisonhandy.com,Magasin de chaussures,,Toulouse
Mellow Yellow TOULOUSE,coline@lullisurlatoile.com,Magasin de chaussures,,Toulouse
Pointures,school@pointures.art,Artisanat,,Toulouse
Pompette Sarl,pompette@orange.fr,Magasin de chaussures,,Toulouse
Finsbury Shoes,service.client@finsbury.fr,Magasin de chaussures,,Toulouse
Tout pour la Chaussure,contact@toutpourlachaussure.com,Magasin,,Toulouse
Jonak,bruno.paillard@jonak.fr,Magasin de chaussures,,Toulouse
Petites Fripouilles Concept Store,contact@petitesfripouilles.com,Magasin pour enfants,,Toulouse
"DR SWAG SHOES BASKETBALL, SNEAKERS, CASQUETTES, MAILLOT BASKET, NEW ERA, UNKUT , LA PIRATERIE, AIR JORDAN, NIKE , BASEBALL",contact@prestashop.com,Magasin de chaussures,,Toulouse
Kolector Toulouse,contact@kolector.fr,Magasin de chaussures,,Toulouse
Salomon,rod.cousens@runescape.com,Magasin d'articles de sports,,Toulouse
Soulery,alain.alter@soulery.com,Magasin de vêtements pour hommes,,Toulouse
QUÉ FAS?,bonjorn@quefas.fr,Magasin,,Toulouse
Carpe Diem Déco,contact@carpediemdeco.com,Décorateur d'intérieur,,Toulouse
NOMAD,marie.pech@icloud.com,Magasin de vêtements,,Toulouse
MG Design,mgdesign.store31@gmail.com,Magasin d'ameublement et de décoration,,Toulouse
Le Quotidien Concept Store,lequotidienconceptstore@gmail.com,Magasin de vêtements pour femmes,,Toulouse
Trentotto Concept Store,contact-ettt@trentotto.fr,Magasin d'ameublement et de décoration,,Toulouse
Les Boutiques Saint Georges,contact@espacesaintgeorges.com,Centre commercial,,Toulouse
Le Kap Shop x PREGO,contact@prego.fr,Magasin,,Toulouse
Cali by Okla,contact@calibyokla.com,Magasin de vêtements pour femmes,,Toulouse
Créarteur Concept Store,contact@crearteur.fr,Agence événementielle,,Toulouse
"PUJOL MAISON (Design, Déco, Table)",contact@pujolmaison.com,Magasin d'ameublement et de décoration,,Toulouse
CRACRA,cracraboutique@gmail.com,Magasin de vêtements vintage,,Toulouse
Zinc & Toiles,contact@zinc-et-toiles.com,Magasin,,Toulouse
Bonnie & Clyde Factory,line.dourneau@bonnieandclydefactory.com,Magasin de vêtements,,Toulouse
Pure Deco,contact@pure-deco.com,Magasin d'ameublement et de décoration,,Toulouse
La loge du concierge,lalogeduconcierge@gmail.com,Magasin d'ameublement et de décoration,,Toulouse
"BiArts, la boutique",contact@biarts.fr,Friperie,,Toulouse
YAYA Toulouse,consommation@cmap.fr,Magasin de vêtements pour femmes,,Toulouse
VISIONNAIRE,contact@vision-naire.com,Magasin de vêtements,,Toulouse
Le petit Souk Toulouse,info@lepetitsouk.fr,Magasin pour enfants,,Toulouse
SPECIMN,contact@specimn.com,Magasin de vêtements,,Toulouse
"Punkster, nœud papillon en bois et accessoires pour hommes un peu punk, un peu hipster",info@punkster.fr,Boutique d'accessoires de mode,,Toulouse
TRAIT papier,boutique@trait.fr,Papeterie,,Toulouse
L'idée cadeaux,contact@lideetoulouse.fr,Boutique de cadeaux,,Toulouse
Maison Carrillo,contact@maison-carrillo.com,Magasin de vêtements,,Toulouse
La Maison de Malaure,e.lamaisondemalaure@gmail.com,Magasin d'ameublement et de décoration,,Toulouse
Midica,contact@midica.fr,Magasin d'ameublement et de décoration,,Toulouse
Deco Design,artdeladeco@gmail.com,Magasin d'ameublement et de décoration,,Toulouse
Søstrene Grene,maje@sostrene.dk,Varehus,,Toulouse
Ginkgo & Paon Curiosités,ginkgoetpaon@gmail.com,Magasin d'ameublement et de décoration,,Toulouse
Minima,hello@minima-shop.com,Décorateur d'intérieur,,Toulouse
muy mucho,postventa@muyimport.com,Magasin d'ameublement et de décoration,,Toulouse
Céladon,bonjour@celadon-paris.com,Magasin d'ameublement et de décoration,,Toulouse
Maison Marah,bonjour@maisonmarah.fr,Magasin d'ameublement et de décoration,,Toulouse
MY HOME MY DEAR,contact@myhomemydear.com,Magasin d'ameublement et de décoration,,Toulouse
Schmit Decoration,schmitdecoration@live.fr,Magasin d'ameublement et de décoration,,Toulouse
MAAAD Sélection d'objets,aline@maaadboutique.com,Magasin d'ameublement et de décoration,,Toulouse
Les Marchandes,contact@lesmarchandes.fr,Magasin de tissus,,Toulouse
Siena Décoration,info@sienadecoration.com,Decorador de interiores,,Toulouse
Arrow Workshop,benjamin.dula@gmail.com,Mercerie,,Toulouse
Docks des Tissus,contact@docksdestissus.com,Fabric store,,Toulouse
Vana & Co,vanacodecoration@gmail.com,Magasin d'ameublement et de décoration,,Toulouse
La Chaise Longue,hello@chaiselongue.com,Magasin d'ameublement et de décoration,,Toulouse
La Grande Récré PARIS,rgpd@ludendo.com,Magasin de jouets,,Toulouse
Les Marchandes de Jouets,contact@lesmarchandesdejouets.fr,Magasin de jouets,,Toulouse
Léon Bulle,contact@leonbulle.com,Magasin de jouets,,Toulouse
1.2.3. Famille,diane@123famille.fr,Magasin de jouets,,Toulouse
Pain d'Épices,commande@elephantrose.fr,Magasin de jouets,,Toulouse
King Jouet Paris Gaîté Montparnasse,gaelle.corbeau@king-jouet.fr,Magasin de jouets,,Toulouse
L'Oiseau de Paradis,stgermain@loiseaudeparadis.fr,Magasin de jouets,,Toulouse
King Jouet Paris Rivoli,service-clients@king-jouet.fr,Magasin de jouets,,Toulouse
JouéClub,daniel.topper@cdiscount.com,Magasin de jouets,,Toulouse
Le petit Drugstore,lepetitdrugstore@gmail.com,Boutique de cadeaux,,Toulouse
Pulp's Toys,pulps.comics@gmail.com,Magasin de jouets,,Toulouse
Le Pestacle de Maëlou,contact@lepestacledemaelou.com,Magasin pour enfants,,Toulouse
L'Acrobate,lacrobateparis@gmail.com,Magasin de jouets,,Toulouse
Fioko.shop,fiokoshop@gmail.com,Boutique de cadeaux,,Toulouse
Mombini,shop@mombini.com,Magasin de jouets,,Toulouse
Les (Petits) Raffineurs,hubert@leshoublonneurs.com,Boutique de cadeaux,,Toulouse
Rise Of Gunpla,contact@riseofgunpla.com,Magasin d'articles de loisirs,,Toulouse
Les récrés du Bon Marché,bonjour@lesrecresdubonmarche.com,Salle de jeux pour enfants,,Toulouse
S.P.L Collections,spl.games.impression@gmail.com,Boutique d'objets à collectionner,,Toulouse
le ciel est à tout le monde,lecielestatoutlemonde@gmail.com,Magasin de puériculture,,Toulouse
L'Arbre Enchanté,contact@larbreenchante.fr,Magasin de jouets,,Toulouse
Flying Tiger Copenhagen Paris Rambuteau,johnny@thobias.dk,Boutique de cadeaux,,Toulouse
Le Monde de Sophie,lemondedesophieparis@gmail.com,Boutique de cadeaux,,Toulouse
Bonhomme de Bois Toulouse,cjaffre@bonhommedebois.com,Toy store,,Toulouse
HEMA,ardjanschinkelshoek@hotmail.com,Grand magasin,,Toulouse
Maison Moon,lafeegrenadine92@gmail.com,Boutique de cadeaux,,Toulouse
Nature et Découvertes Boulogne Billancourt,hperpere@nature-et-decouvertes.com,Boutique de cadeaux,,Toulouse
Decitre,nick.jackson@unisa.br,Librairie,,Toulouse
BONTON,pvittori@bonton.fr,Vêtements pour enfants,,Toulouse
"Passage du Désir, l'anti sex shop",info@anonymagence.com,Boutique de cadeaux,,Toulouse
Louve et Léopold,contact@louveetleopold.fr,Magasin pour enfants,,Toulouse
L'Écume des Pages,ecumedespages@orange.fr,Librairie,,Toulouse
La Librairie du Canal,lalibrairieducanal@gmail.com,Librairie,,Toulouse
Librairie Albin Michel,librairie@librairiealbinmichel.fr,Librairie,,Toulouse
Le Renard Doré,librairielerenarddore@gmail.com,Librairie de bandes dessinées,,Toulouse
Librairie les Beaux Titres,dictionnaire-college@lerobert.com,Librairie,,Toulouse
Librairie Nordest,vclabenavarre@hotmail.com,Librairie,,Toulouse
Librairie des Abbesses,mrguarnieri@wanadoo.fr,Librairie,,Toulouse
Book Off Quatre,recrutement@lingon-co.com,Librairie de livres d'occasion,,Toulouse
Librairie Voyageurs du Monde,fdarondeau@vdm.com,Librairie,,Toulouse
Librairie du Temple,librairiedutemple@gmail.com,Librairie,,Toulouse
Librairie Solidaire,alix.poulin@agglo-compiegne.fr,Librairie,,Toulouse
Gibert,service.client@gibert.com,Librairie,,Toulouse
L'Art de la Joie,contact@happybabyparis.fr,Librairie,,Toulouse
Librairie BD 16 : Bandes Dessinées,belhassent@wanadoo.fr,Librairie de bandes dessinées,,Toulouse
Librairie Ulysse,ulysse@ulysse.fr,Librairie,,Toulouse
Recyclivre,david.lorrain@recyclivre.com,Site d'entreprise,,Toulouse
La Papéthèque,contact@la-papetheque-enligne.com,Papeterie,,Toulouse
La librairie Canopé,nathalie.ramassamy@reseau-canope.fr,Librairie,,Toulouse
Album BD,boutique@album.fr,Librairie de bandes dessinées,,Toulouse
Papeterie Perjac,contact@papeterie-perjac.com,Papeterie,,Toulouse
LIBRAIRIE JUIVE JUDAIC STORE,info@judaicstore.com,Librairie religieuse,,Toulouse
Centre Commercial Beaugrenelle,bijouxcocobello@gmail.com,attractions,,Toulouse
MAJUSCULE,donnees-personnelles@majuscule.com,Magasin de fournitures de bureau,,Toulouse
Relay Paris Gare Montparnasse Hall 1 Voie 24,n.gougeon@press4u.fr,Marchand de journaux,,Toulouse
La Maison de la Bible Paris,paris@maisonbible.net,Librairie chrétienne,,Toulouse
La Librairie.,contact@lalibrairietoulouse.com,Librairie,,Toulouse
Ombres Blanches,assistanteweb@ombres-blanches.fr,Librairie,,Toulouse
Carrick,elisabeth.verdenne@carrick.fr,Magasin d'uniformes,,Toulouse
Sophie Sacs,sophiesacs@hotmail.com,Magasin de maroquinerie,,Toulouse
Rayon d'Or Paris St,contact@rayondor-bagages.fr,Magasin de sacs et bagages,,Toulouse
Bagadie Paris 15,contact.bagadie@gmail.com,Magasin de sacs et bagages,,Toulouse
"Polène, Richelieu",lisa@polene-paris.com,Magasin de maroquinerie,,Toulouse
Rainbow Factory,info@rainbowfactory.shop,Magasin de maroquinerie,,Toulouse
nat & nin,contact@nat-nin.fr,Magasin de maroquinerie,,Toulouse
Lancaster,tulipsangel@earthlink.net,Magasin de maroquinerie,,Toulouse
Hadrien Boulogne,hadrienboulogne@gmail.com,Boutique d'accessoires de mode,,Toulouse
Boutique PAUL MARIUS Toulouse,serviceclient@paulmarius.fr,Magasin de maroquinerie,,Toulouse
Le Bon Marché Rive Gauche,elefebvre@lebonmarche.fr,Grand magasin,,Toulouse
Pourchet,sav@pourchet-paris.com,Magasin de maroquinerie,,Toulouse
Lipault,hello@lipault.com,Magasin de sacs et bagages,,Toulouse
Gants Veber,maroquinerie.veber@orange.fr,Magasin de maroquinerie,,Toulouse
The Wan Concept store,contact@thewan.eu,Boutique de cadeaux,,Toulouse
Bobbies Saint,heart@bobbies.com,Magasin de chaussures,,Toulouse
Maison Goyard,marcelasepulveda@europeandesigns.net,Magasin de maroquinerie,,Toulouse
Negrevergne,service@linkeo.com,Magasin de maroquinerie,,Toulouse
58M,contact@58m.fr,Boutique d'accessoires de mode,,Toulouse
Longchamp,nnicolae@clever-age.com,Magasin de maroquinerie,,Toulouse
Longchamp,kundenservice@eshopping.longchamp.com,Magasin de maroquinerie,,Toulouse
L'Épicerie Fille,lepiceriefille@gmail.com,Bijouterie fantaisie,,Toulouse
Maison Goyard,mking@admin.hilconet.com,Magasin de maroquinerie,,Toulouse
Atelier Bourgogne,contact@atelierbourgogne.com,Cordonnier,,Toulouse
Jérôme Dreyfuss,eshop@jerome-dreyfuss.com,Magasin de maroquinerie,,Toulouse
Jérôme Dreyfuss,info@jerome-dreyfuss.com,Magasin de maroquinerie,,Toulouse
Wilson's Workshop Atelier Cuir,wilsonsworkshop31@gmail.com,Leather goods manufacturer,,Toulouse
Christian Louboutin Saint,privacy.europe@ch.christianlouboutin.com,Magasin de chaussures,,Toulouse
LA PETITE ÉTOILE Paris,eshop@lapetiteetoile.com,Boutique d'articles de mode,,Toulouse
Mademoiselle Jeanne,retours@mademoisellejeanne.com,Magasin de vêtements,,Toulouse
L'Habit Français,boutique@lhabitfrancais.com,Magasin de vêtements,,Toulouse
Lola Jones,contact@lolajones.fr,Magasin de vêtements pour femmes,,Toulouse
Bonnegueule,jordan.maurin@bonnegueule.fr,Magasin de vêtements pour hommes,,Toulouse
DRESS BY NK,dressbynk@gmail.com,Magasin de vêtements pour femmes,,Toulouse
BIBA | La Boutique,commande@biba.fr,Magasin de vêtements pour femmes,,Toulouse
MAY Concept Store,contact@mayconceptstore.com,Magasin de vêtements,,Toulouse
Boutique Noë,admin@gallegodesportes.com,Magasin de vêtements,,Toulouse
Les Pénélopes,lespenelopes@free.fr,Boutique d'articles de mode,,Toulouse
Boutique Faubourg 54,contact@faubourg54.com,Boutique d'articles de mode,,Toulouse
Boutique FIDJI,boutiquefidji@gmail.com,Magasin de vêtements pour femmes,,Toulouse
L'indien Boutique,contact@indienboutique.fr,Magasin de vêtements,,Toulouse
Mettez,info@mettez.com,Magasin de vêtements,,Toulouse
ALICE DUPRAZ,hello@alicedupraztoulouse.com,Boutique de mariage,,Toulouse
Harold,contact@harold-paris.com,Magasin de vêtements pour hommes,,Toulouse
Boutique La Bonne Pioche,labonnepioche.paris@gmail.com,Magasin de produits d'occasion,,Toulouse
Vestiaire des Parisiennes,bonjour@vestiairedesparisiennes.com,Magasin de vêtements pour femmes,,Toulouse
Promod,frederic.lefebvre@promod.fr,Magasin de vêtements,,Toulouse
Promod,service@promod.fr,Magasin de vêtements,,Toulouse
ZAPA Paris Commerce,alison@zapatastudios.com,Magasin de vêtements pour femmes,,Toulouse
Ulla Popken,lcarbonell@gearup-performance.de,Magasin de vêtements grandes tailles,,Toulouse
Maison Lou,contact@maisonlou.fr,Service de location de robes et de smokings,,Toulouse
Boutique Aigle Paris Saint,waynealane@gmail.com,Magasin de vêtements,,Toulouse
Intersport Toulouse Purpan,marie@intersport-tignes.fr,Magasin de vêtements de sport,,Toulouse
Decathlon Toulouse Centre Ville,drh.ouest@oxylane.com,Magasin d'articles de sports,,Toulouse
JD Sports,ensavoirplus@jdsports.com,Magasin de vêtements de sport,,Toulouse
i,celya@i-run.fr,Magasin d'articles de sports,,Toulouse
i,coignieres@alltricks.com,Magasin d'articles de sports,,Toulouse
Intersport TOULOUSE GRAMONT,intersport.digne@orange.fr,Magasin de vêtements de sport,,Toulouse
Go Into Life Sports,contact.gointolife@gmail.com,Magasin d'articles de sports,,Toulouse
Millet Toulouse,craig_raubenheimer@millet.com,Magasin de vêtements de sport,,Toulouse
Sports Raquettes,support@ovh.com,Magasin d'articles de sports,,Toulouse
Recovery Toulouse,adressecontact@recoverytls.com,Magasin d'articles de sports,,Toulouse
OKLA Skate Shop (E.T Alternative),contact@oklashop.com,Magasin de skateboards,,Toulouse
FitnessBoutique Toulouse Lascrosses,valentin.laforge@netquattro.com,Magasins d'appareil de fitness,,Toulouse
KILOMÈTRES DEHORS,contact@kmdehors.fr,cafés,,Toulouse
KDC TOULOUSE,j.pages@kdctoulouse.com,Boutique de produits de nutrition sportive,,Toulouse
11Teamsports France,info@11teamsports.ch,Grossiste en accessoires de sport,,Toulouse
Billabong,privacy.eu@boardriders.com,Sporting goods store,,Toulouse
Le Comptoir des Nageurs,lecomptoirdesnageurs@gmail.com,Magasin d'articles de sports,,Toulouse
Boutique Stade Toulousain Rugby,serviceclient@stadetoulousain.fr,Magasin de vêtements,,Toulouse
Alaska B.C,contact@alaska-bc.fr,Magasin d'articles de sports,,Toulouse
La Fabrica,fabricadebigote@gmail.com,Magasin de vêtements de sport,,Toulouse
FitnessBoutique Toulouse Balma,rgpd@planet-fitness.com,Magasins d'appareil de fitness,,Toulouse
Compagnons des Cimes,contact@compagnonsdescimes.fr,Magasin d'articles de sports,,Toulouse
Foulées Toulouse Balma,33merignac@foulees.com,Magasin d'articles de sports,,Toulouse
Quiksilver Roxy,customerservice@quiksilver.com,Magasin de vêtements,,Toulouse
The Thirsty Monk Pub,info@thirstymonktoulouse.com,bars,,Toulouse
Performe,contact@alinotech.fr,Magasin d'alimentation naturelle,,Toulouse
Running Conseil Toulouse Balma,pierremaistre@domaine.com,Magasin d'articles de sports,,Toulouse
